,Name,Position,year,player_age,pa,ab,hit,single,double,triple,home_run,strikeout,walk,k_percent,bb_percent,batting_avg,slg_percent,on_base_percent,on_base_plus_slg,xba,xslg,woba,xwoba,xobp,xiso,wobacon,xwobacon,xbadiff,xslgdiff,wobadiff,avg_swing_speed,exit_velocity_avg,launch_angle_avg,sweet_spot_percent,barrel_batted_rate,solidcontact_percent,hard_hit_percent,avg_best_speed,avg_hyper_speed,z_swing_percent,z_swing_miss_percent,whiff_percent,swing_percent,WAR,ERA+,FIP,ERA
0,dylan cease,SP,2024,28,762,684,137,84,34,1,18,224,65,29.4,8.5,0.2,0.332,0.269,0.601,0.21,0.358,0.266,0.283,0.28,0.148,0.333,0.361,-0.01,-0.026,-0.017,71.3,89.0,14.1,32.4,8.5,7.2,38.6,78.28270224,94.08470927,68.5,22.1,32.4,48.2,4.1,119,3.1,3.47
1,tyler anderson,SP,2024,34,765,681,158,99,32,3,24,142,73,18.6,9.5,0.232,0.394,0.311,0.705,0.245,0.413,0.308,0.322,0.323,0.168,0.334,0.354,-0.013,-0.019,-0.014,72.1,87.2,17.6,34.1,7.9,5.9,33.0,76.27353733,93.1219435,71.5,20.8,27.8,49.3,3.0,109,4.66,3.81
2,chris sale,SP,2024,35,702,652,141,96,32,4,9,225,39,32.1,5.6,0.216,0.319,0.269,0.588,0.213,0.317,0.26,0.261,0.266,0.105,0.35,0.351,0.003,0.002,-0.001,70.6,86.5,9.6,34.9,5.6,4.9,31.2,75.01680509,93.04619066,63.9,21.7,31.0,49.0,6.2,174,2.09,2.38
3,erick fedde,SP,2024,31,726,661,154,100,30,4,20,154,52,21.2,7.2,0.233,0.381,0.291,0.672,0.245,0.394,0.293,0.306,0.303,0.149,0.337,0.355,-0.012,-0.013,-0.013,71.6,88.6,14.9,32.4,7.6,6.0,37.7,77.50250055,93.94163216,68.4,15.3,21.6,45.5,5.6,126,3.86,3.3
4,framber valdez,SP,2024,30,703,634,140,102,24,1,13,169,55,24.0,7.8,0.221,0.323,0.287,0.61,0.233,0.34,0.272,0.287,0.301,0.106,0.315,0.337,-0.012,-0.017,-0.015,72.1,90.2,0.4,26.0,5.3,5.1,45.0,80.00072636,94.62055766,61.2,14.4,27.2,45.0,4.4,137,3.25,2.91
5,patrick corbin,SP,2024,34,764,697,208,134,42,7,25,139,54,18.2,7.1,0.298,0.486,0.348,0.834,0.295,0.473,0.357,0.357,0.347,0.178,0.412,0.412,0.003,0.013,0.0,72.2,90.8,10.0,37.3,8.3,7.7,46.7,79.87784313,95.30570991,69.1,12.6,22.4,48.2,-0.9,73,4.41,5.62
6,nestor cortes,SP,2024,29,710,661,162,94,44,0,24,162,39,22.8,5.5,0.245,0.421,0.29,0.711,0.235,0.396,0.307,0.295,0.281,0.161,0.372,0.356,0.01,0.025,0.012,71.9,89.7,22.4,35.0,7.9,7.9,43.6,79.12267623,94.47087918,72.9,20.1,24.2,50.4,2.6,107,3.84,3.77
7,michael king,SP,2024,29,726,653,144,98,27,2,17,201,63,27.7,8.7,0.221,0.346,0.296,0.642,0.226,0.359,0.284,0.293,0.301,0.134,0.349,0.364,-0.005,-0.013,-0.009,71.5,85.7,13.8,35.2,6.2,5.1,30.3,73.98135973,92.67165699,60.8,20.9,29.3,45.4,4.1,140,3.33,2.95
8,freddy peralta,SP,2024,28,725,639,143,92,24,1,26,200,68,27.6,9.4,0.224,0.387,0.307,0.694,0.224,0.377,0.305,0.304,0.308,0.153,0.375,0.374,0.0,0.01,0.001,71.1,87.6,17.3,35.3,8.7,7.6,36.9,75.95026724,93.64080975,70.4,22.7,31.1,46.9,2.5,112,4.16,3.68
9,shota imanaga,SP,2024,30,694,662,149,98,23,1,27,174,28,25.1,4.0,0.225,0.385,0.259,0.644,0.234,0.39,0.279,0.286,0.268,0.156,0.352,0.362,-0.009,-0.005,-0.007,71.9,88.6,17.8,36.0,8.6,5.7,39.3,77.58623086,93.93142473,75.3,20.0,28.3,55.7,3.0,136,3.72,2.91
10,griffin canning,SP,2024,28,739,656,174,112,28,3,31,130,66,17.6,8.9,0.265,0.459,0.334,0.793,0.259,0.437,0.341,0.333,0.329,0.178,0.378,0.367,0.006,0.022,0.008,72.2,90.5,14.3,32.4,8.6,5.4,41.9,80.44388652,94.70050589,70.2,14.3,24.5,48.4,0.2,80,5.26,5.19
11,miles mikolas,SP,2024,35,720,683,194,113,51,4,26,122,25,16.9,3.5,0.284,0.485,0.312,0.797,0.278,0.458,0.339,0.331,0.307,0.18,0.394,0.383,0.006,0.027,0.008,72.0,88.8,13.6,38.1,8.1,8.8,42.3,77.51144944,94.25374515,66.5,12.5,16.4,49.8,-0.3,77,4.24,5.35
12,chris bassitt,SP,2024,35,758,667,180,132,29,1,18,168,70,22.2,9.2,0.27,0.397,0.352,0.749,0.256,0.399,0.331,0.327,0.34,0.143,0.381,0.375,0.014,-0.002,0.004,71.2,87.8,14.3,36.3,7.5,4.0,37.1,75.64419492,94.07781649,65.4,17.0,21.7,45.0,-0.1,99,4.08,4.16
13,jose quintana,SP,2024,35,717,634,150,96,29,3,22,135,63,18.8,8.8,0.237,0.396,0.314,0.71,0.257,0.406,0.312,0.327,0.334,0.15,0.339,0.361,-0.02,-0.01,-0.015,71.8,88.0,10.7,32.9,6.7,7.3,38.2,76.44604848,93.89600374,64.5,12.0,22.2,43.1,2.5,105,4.56,3.75
14,colin rea,RP,2024,33,714,656,169,105,33,2,29,135,43,18.9,6.0,0.258,0.447,0.311,0.758,0.272,0.452,0.327,0.339,0.326,0.181,0.374,0.391,-0.014,-0.005,-0.012,72.2,90.4,15.2,36.3,8.7,6.8,42.0,80.21367819,94.59441517,67.7,15.3,19.3,46.8,1.2,96,4.75,4.29
15,charlie morton,SP,2024,40,701,613,154,94,35,2,23,167,65,23.8,9.3,0.251,0.427,0.339,0.766,0.243,0.401,0.335,0.326,0.333,0.159,0.394,0.379,0.008,0.026,0.009,71.6,88.7,9.0,33.0,9.3,5.5,38.4,77.72973688,93.92910531,66.3,16.1,26.1,46.6,1.1,99,4.46,4.19
16,zach eflin,SP,2024,30,684,653,166,114,28,2,22,134,24,19.6,3.5,0.254,0.404,0.283,0.687,0.249,0.405,0.297,0.297,0.279,0.157,0.352,0.353,0.005,-0.001,0.0,71.5,88.1,13.3,30.0,7.5,5.4,36.1,76.38875143,94.04059667,65.6,14.4,21.6,50.0,2.7,110,3.76,3.59
17,austin gomber,SP,2024,30,696,653,178,105,39,4,30,116,38,16.7,5.5,0.273,0.482,0.312,0.794,0.278,0.482,0.339,0.344,0.317,0.204,0.387,0.392,-0.005,0.0,-0.005,72.0,90.2,15.0,37.7,9.6,8.5,41.2,80.0362653,94.43249207,68.7,14.6,19.9,48.3,2.1,100,4.83,4.75
18,jack flaherty,SP,2024,28,649,605,135,88,18,5,24,194,38,29.9,5.9,0.223,0.388,0.273,0.661,0.233,0.38,0.288,0.292,0.284,0.147,0.382,0.391,-0.01,0.008,-0.004,71.4,88.4,14.0,36.1,7.7,4.8,35.9,77.44586236,93.77647899,65.0,21.1,32.1,46.2,3.1,130,3.47,3.17
19,aaron civale,SP,2024,29,689,627,158,98,31,0,29,149,52,21.6,7.5,0.252,0.44,0.314,0.754,0.243,0.393,0.327,0.309,0.308,0.151,0.385,0.359,0.009,0.047,0.018,71.6,89.4,17.2,36.5,7.3,9.8,39.4,79.15200724,94.00241371,64.4,13.3,21.9,45.2,1.1,93,4.74,4.36
20,andrew heaney,SP,2024,33,693,634,159,105,30,1,23,159,41,22.9,5.9,0.251,0.41,0.307,0.717,0.253,0.433,0.312,0.325,0.312,0.18,0.374,0.393,-0.002,-0.023,-0.013,72.1,89.6,18.2,37.4,8.3,7.9,40.1,78.99058224,94.38834762,70.1,17.9,26.3,50.3,0.7,89,4.04,4.28
21,zack littell,RP,2024,28,656,618,164,111,29,2,22,141,31,21.5,4.7,0.265,0.426,0.306,0.732,0.263,0.436,0.317,0.321,0.303,0.173,0.383,0.388,0.002,-0.01,-0.004,72.0,89.3,18.1,36.2,9.6,6.3,39.2,78.59029555,94.13734457,70.6,14.5,23.1,51.9,2.8,110,3.88,3.63
22,frankie montas,SP,2024,31,655,576,140,87,28,1,24,148,66,22.6,10.1,0.243,0.42,0.325,0.745,0.247,0.428,0.325,0.333,0.33,0.181,0.376,0.388,-0.004,-0.008,-0.008,72.2,89.3,13.5,36.2,9.2,7.4,43.1,77.76235797,94.5763134,70.6,17.7,24.9,48.7,0.6,89,4.71,4.84
23,cal quantrill,SP,2024,29,656,571,156,101,26,6,23,110,69,16.8,10.5,0.273,0.461,0.361,0.822,0.274,0.434,0.358,0.351,0.362,0.161,0.384,0.375,-0.001,0.027,0.007,71.5,89.1,11.1,37.1,7.3,7.7,41.2,77.92321026,94.35473824,69.7,16.7,21.6,45.7,1.5,95,5.32,4.98
24,zac gallen,SP,2024,28,621,561,133,86,29,5,13,156,54,25.1,8.7,0.237,0.376,0.308,0.684,0.246,0.379,0.301,0.308,0.316,0.134,0.361,0.371,-0.009,-0.003,-0.007,71.8,90.0,11.8,34.9,7.4,7.6,41.0,79.81895601,94.40298237,63.8,14.0,26.0,44.2,2.6,116,3.38,3.65
25,nick martinez,SP,2024,33,570,539,128,81,32,2,13,116,18,20.4,3.2,0.237,0.377,0.267,0.644,0.242,0.365,0.279,0.278,0.272,0.123,0.332,0.331,-0.005,0.012,0.001,71.4,86.4,17.0,34.0,5.1,4.0,30.5,74.85049693,92.97895951,67.4,16.2,23.1,51.1,4.0,142,3.21,3.1
26,martín pérez,SP,2024,33,590,533,151,101,28,0,22,107,49,18.1,8.3,0.283,0.46,0.349,0.809,0.278,0.468,0.351,0.353,0.344,0.191,0.396,0.399,0.005,-0.008,-0.002,72.5,89.0,11.2,34.3,8.6,7.9,41.5,76.89241338,94.74982906,64.7,13.7,21.0,46.0,0.9,91,4.9,4.53
27,kyle hendricks,SP,2024,34,567,514,147,110,15,1,21,87,43,15.3,7.6,0.286,0.442,0.34,0.782,0.276,0.426,0.339,0.336,0.335,0.15,0.37,0.366,0.01,0.016,0.003,71.5,85.9,13.0,36.4,7.4,5.1,33.4,73.58719884,93.0980278,64.4,13.4,18.9,46.2,-1.5,67,4.98,5.92
28,michael lorenzen,SP,2024,32,535,468,101,63,20,1,17,97,59,18.1,11.0,0.216,0.372,0.31,0.682,0.243,0.412,0.303,0.329,0.334,0.17,0.314,0.352,-0.027,-0.04,-0.026,71.6,88.5,15.1,32.2,8.0,8.6,39.4,76.90299382,94.18524995,67.7,16.8,22.8,44.7,2.7,117,4.89,3.31
29,jordan montgomery,SP,2024,31,532,478,149,92,40,3,14,83,44,15.6,8.3,0.312,0.496,0.369,0.865,0.287,0.443,0.37,0.347,0.349,0.156,0.413,0.382,0.025,0.053,0.023,72.0,88.6,12.2,36.6,6.0,8.2,41.0,77.21272223,94.21828914,70.3,17.7,26.9,49.6,-1.4,68,4.48,6.23
30,tyler alexander,RP,2024,29,455,419,110,66,20,1,23,90,24,19.8,5.3,0.263,0.48,0.307,0.787,0.259,0.463,0.335,0.332,0.306,0.204,0.395,0.391,0.004,0.017,0.003,72.0,88.4,21.0,36.6,9.8,7.4,37.2,77.46755418,93.86658133,67.0,16.7,20.1,50.0,0.3,78,5.08,5.1
31,bryse wilson,RP,2024,26,442,405,102,71,9,2,20,82,31,18.6,7.0,0.252,0.432,0.311,0.743,0.279,0.476,0.323,0.351,0.335,0.197,0.364,0.403,-0.027,-0.044,-0.028,71.9,89.7,16.7,37.5,9.2,7.7,44.3,78.44719333,94.77132502,68.1,15.9,20.8,48.3,0.9,102,5.09,4.04
32,carlos carrasco,SP,2024,37,447,406,112,62,26,5,19,89,33,19.9,7.4,0.276,0.505,0.336,0.841,0.26,0.435,0.36,0.333,0.324,0.176,0.421,0.383,0.016,0.07,0.027,72.1,89.3,10.8,35.3,8.1,7.5,38.8,78.88742044,94.03683051,69.2,11.4,22.7,48.7,-1.2,71,4.93,5.64
33,jon gray,SP,2024,32,439,408,107,75,17,4,11,86,28,19.6,6.4,0.262,0.404,0.308,0.712,0.276,0.441,0.309,0.331,0.322,0.165,0.359,0.389,-0.014,-0.037,-0.022,71.7,90.5,15.3,34.8,8.6,6.5,42.2,80.08735556,94.98095763,70.6,14.6,23.8,51.6,0.4,85,3.7,4.47
34,ryan yarbrough,RP,2024,32,398,348,70,49,10,0,11,65,32,16.3,8.0,0.201,0.325,0.289,0.614,0.245,0.383,0.273,0.316,0.33,0.139,0.275,0.334,-0.044,-0.058,-0.043,70.9,86.0,14.3,33.6,6.2,3.8,29.4,74.84533674,92.61506651,66.4,18.2,21.1,47.4,1.2,127,4.64,3.19
35,justin verlander,SP,2024,41,396,358,98,67,14,2,15,74,27,18.7,6.8,0.274,0.45,0.331,0.781,0.234,0.389,0.337,0.301,0.297,0.155,0.383,0.333,0.04,0.061,0.036,71.0,88.6,20.9,39.1,6.9,8.0,32.5,78.65458569,93.34992927,69.9,17.2,21.3,48.7,-0.3,73,4.78,5.48
36,derek law,RP,2024,33,365,333,82,63,11,1,7,76,24,20.8,6.6,0.246,0.348,0.294,0.642,0.258,0.361,0.282,0.298,0.309,0.103,0.324,0.347,-0.012,-0.013,-0.016,71.5,88.2,9.0,34.5,3.8,4.5,35.2,77.85068985,93.34048065,67.8,16.0,28.6,49.9,1.9,158,3.32,2.6
37,chris paddack,SP,2024,28,384,360,102,72,16,0,14,79,21,20.6,5.5,0.283,0.444,0.323,0.767,0.272,0.463,0.332,0.336,0.314,0.192,0.397,0.403,0.011,-0.019,-0.004,71.4,90.4,14.3,40.6,9.9,6.7,43.1,79.36252664,95.10185032,68.1,17.5,24.0,49.4,0.4,83,4.18,4.99
38,luke weaver,RP,2024,30,331,296,52,29,9,4,10,103,26,31.1,7.9,0.176,0.334,0.248,0.582,0.2,0.36,0.256,0.283,0.275,0.161,0.323,0.368,-0.024,-0.026,-0.027,71.2,89.1,16.5,36.4,8.6,8.6,38.4,77.93765439,94.29746564,72.7,28.2,33.5,49.7,1.9,140,3.33,2.89
39,walker buehler,SP,2024,29,344,308,89,56,15,2,16,64,28,18.6,8.1,0.289,0.506,0.356,0.862,0.262,0.428,0.37,0.334,0.334,0.166,0.423,0.374,0.027,0.078,0.036,70.9,88.3,10.8,36.2,6.9,5.7,37.8,77.41833298,93.88323116,65.6,12.3,19.4,45.4,-1.2,74,5.54,5.38
40,joe ross,RP,2024,31,321,287,72,55,10,0,7,66,29,20.6,9.0,0.251,0.359,0.319,0.678,0.239,0.381,0.299,0.306,0.31,0.143,0.337,0.347,0.012,-0.022,-0.007,72.1,88.7,16.7,30.8,8.0,3.1,38.8,77.82836108,93.97321847,68.8,18.1,27.1,49.4,0.5,109,3.83,3.77
41,merrill kelly,SP,2024,35,300,277,67,39,16,1,11,63,19,21.0,6.3,0.242,0.426,0.294,0.72,0.263,0.47,0.311,0.34,0.314,0.207,0.366,0.405,-0.021,-0.044,-0.029,72.7,90.5,11.0,33.5,10.7,6.0,40.9,80.35668857,94.67706633,68.1,12.9,21.3,48.2,1.1,105,4.25,4.03
42,david robertson,RP,2024,39,297,262,53,42,6,0,5,99,28,33.3,9.4,0.202,0.282,0.291,0.573,0.212,0.328,0.257,0.278,0.299,0.117,0.334,0.373,-0.01,-0.046,-0.021,71.1,88.7,9.9,31.1,5.5,4.9,37.8,77.81277281,93.89554153,61.8,22.0,29.5,43.4,1.7,127,2.65,3.0
43,andrew kittredge,RP,2024,34,287,263,60,37,12,1,10,67,20,23.3,7.0,0.228,0.395,0.28,0.675,0.25,0.412,0.289,0.308,0.302,0.162,0.351,0.378,-0.022,-0.017,-0.019,71.7,88.9,11.8,33.0,8.5,5.5,39.5,78.23591636,94.03377122,67.9,15.6,27.8,53.5,1.6,147,3.96,2.8
44,tyler rogers,RP,2024,33,290,273,67,46,14,0,7,51,6,17.6,2.1,0.245,0.374,0.278,0.652,0.237,0.339,0.281,0.27,0.273,0.102,0.324,0.309,0.008,0.035,0.011,70.1,85.2,7.5,24.9,4.4,3.1,31.1,73.0390233,92.70492576,70.1,16.0,18.6,53.0,1.5,137,3.56,2.82
45,jalen beeks,RP,2024,30,312,276,77,60,10,1,6,55,27,17.6,8.7,0.279,0.388,0.346,0.734,0.242,0.371,0.322,0.301,0.314,0.129,0.354,0.327,0.037,0.017,0.021,71.2,87.2,13.5,30.4,4.8,4.0,33.0,75.98706315,93.31572095,73.5,14.6,23.2,47.3,0.0,102,3.99,4.5
46,adrian houser,SP,2024,31,309,272,74,43,23,0,8,45,32,14.6,10.4,0.272,0.445,0.356,0.801,0.268,0.443,0.35,0.349,0.353,0.175,0.365,0.364,0.004,0.002,0.001,71.8,91.0,9.3,29.8,8.8,4.8,40.4,81.6021107,94.66882916,66.1,11.7,18.2,44.7,-0.9,68,4.93,5.84
47,raisel iglesias,RP,2024,34,259,238,38,27,5,2,4,68,13,26.3,5.0,0.16,0.248,0.211,0.459,0.195,0.292,0.2,0.233,0.244,0.097,0.241,0.291,-0.035,-0.044,-0.033,71.5,86.0,14.2,25.7,4.0,3.4,30.9,74.3879693,92.79837427,68.5,23.5,31.5,52.3,2.9,214,2.65,1.95
48,michael kopech,SP,2024,28,279,234,44,31,4,0,9,88,34,31.5,12.2,0.188,0.321,0.299,0.62,0.192,0.346,0.277,0.29,0.303,0.154,0.336,0.36,-0.004,-0.025,-0.013,71.3,89.0,16.9,34.2,10.5,3.9,40.8,78.87688133,93.87934544,64.4,25.7,32.8,46.9,1.4,119,4.02,3.46
49,tim hill,RP,2024,34,290,265,77,68,7,0,2,31,19,10.7,6.6,0.291,0.34,0.339,0.679,0.263,0.323,0.3,0.292,0.319,0.061,0.307,0.298,0.028,0.017,0.008,70.7,88.0,-6.8,20.2,1.7,5.0,40.8,75.64673393,94.32560043,66.3,8.6,12.8,50.8,0.5,122,3.57,3.36
50,shawn armstrong,RP,2024,33,295,266,77,52,17,2,6,66,25,22.4,8.5,0.289,0.436,0.354,0.79,0.277,0.442,0.345,0.345,0.345,0.165,0.411,0.413,0.012,-0.006,0.0,71.5,88.9,16.7,36.6,8.9,4.0,38.1,77.5847539,94.1636783,68.7,19.1,22.9,50.9,-0.3,84,3.57,4.86
51,ryan helsley,RP,2024,29,266,238,50,41,6,0,3,79,23,29.7,8.6,0.21,0.273,0.275,0.548,0.212,0.301,0.243,0.257,0.28,0.089,0.306,0.328,-0.002,-0.028,-0.014,70.7,89.4,18.3,36.6,3.7,7.9,35.4,80.15601207,93.65712295,69.7,24.1,36.1,53.0,2.9,202,2.41,2.04
52,alex vesia,RP,2024,28,263,223,33,16,9,1,7,87,33,33.1,12.5,0.148,0.291,0.26,0.551,0.157,0.319,0.246,0.26,0.267,0.163,0.302,0.328,-0.009,-0.028,-0.014,71.5,87.5,30.0,29.3,12.1,3.6,35.0,76.24616485,93.46804103,70.0,26.2,31.3,47.5,1.6,227,3.45,1.76
53,brent suter,RP,2024,34,270,253,63,41,11,1,10,50,12,18.5,4.4,0.249,0.419,0.289,0.708,0.27,0.416,0.305,0.316,0.309,0.146,0.351,0.365,-0.021,0.003,-0.011,71.2,86.1,13.8,33.7,7.3,3.9,30.2,74.75766255,92.79307557,71.1,12.2,20.2,49.8,1.4,140,4.31,3.15
54,trevor richards,RP,2024,31,277,234,44,30,7,0,7,62,35,22.4,12.6,0.188,0.308,0.295,0.603,0.205,0.334,0.273,0.295,0.313,0.129,0.282,0.316,-0.017,-0.026,-0.022,70.3,88.3,18.8,31.1,6.8,5.6,37.9,78.11963557,93.44244619,62.7,14.7,23.4,44.2,-0.4,91,4.36,4.55
55,robert suarez,RP,2024,33,258,240,52,38,7,0,7,59,16,22.9,6.2,0.217,0.333,0.265,0.598,0.218,0.355,0.262,0.272,0.267,0.137,0.311,0.326,-0.001,-0.022,-0.01,70.6,89.0,16.0,30.6,7.7,4.4,40.4,78.547847,94.08298422,77.4,21.9,24.3,55.6,2.0,150,3.49,2.77
56,hoby milner,RP,2024,33,268,244,63,44,11,2,6,64,14,23.9,5.2,0.258,0.393,0.299,0.692,0.249,0.346,0.297,0.28,0.292,0.097,0.37,0.346,0.009,0.047,0.017,71.2,87.7,8.4,30.9,2.7,7.4,36.2,75.77361,93.94596254,59.0,16.4,19.3,43.2,-0.6,87,3.14,4.73
57,tyler kinley,RP,2024,33,285,246,61,34,14,2,11,72,33,25.3,11.6,0.248,0.455,0.338,0.793,0.244,0.408,0.341,0.325,0.336,0.164,0.414,0.39,0.004,0.047,0.016,71.3,87.5,15.5,37.6,9.0,5.1,33.1,75.74942557,93.74862783,71.2,20.8,33.1,50.0,-0.4,77,4.79,6.19
58,phil maton,RP,2024,31,265,231,47,30,8,2,7,60,24,22.6,9.1,0.203,0.346,0.303,0.649,0.239,0.385,0.29,0.32,0.334,0.147,0.316,0.362,-0.036,-0.039,-0.03,70.8,86.5,12.9,32.6,7.0,7.0,33.1,74.35492628,93.40446994,67.1,22.3,26.7,47.2,0.9,110,4.26,3.66
59,kyle finnegan,RP,2024,32,271,245,61,45,4,3,9,60,24,22.1,8.9,0.249,0.4,0.315,0.715,0.261,0.411,0.309,0.321,0.327,0.15,0.365,0.382,-0.012,-0.011,-0.012,71.7,91.3,10.6,31.6,7.0,8.0,48.1,80.41569495,95.62157714,72.4,18.2,23.1,53.2,1.0,112,4.25,3.68
60,matt strahm,RP,2024,32,237,217,36,20,12,0,4,79,11,33.3,4.6,0.166,0.276,0.224,0.5,0.187,0.309,0.221,0.243,0.243,0.121,0.29,0.327,-0.021,-0.033,-0.022,71.3,89.2,21.6,36.2,7.1,8.5,37.6,78.994658,93.95267821,70.0,22.0,26.7,53.1,2.5,227,2.29,1.87
61,aroldis chapman,RP,2024,36,264,222,44,29,9,1,5,98,38,37.1,14.4,0.198,0.315,0.318,0.633,0.165,0.282,0.289,0.268,0.293,0.117,0.386,0.344,0.033,0.033,0.021,71.0,90.5,11.2,31.0,7.1,5.6,41.3,80.3985429,94.66331355,62.1,23.7,32.3,44.5,0.4,109,3.04,3.79
62,kirby yates,RP,2024,37,237,203,23,15,5,0,3,85,28,35.9,11.8,0.113,0.182,0.225,0.407,0.145,0.214,0.186,0.212,0.253,0.068,0.212,0.262,-0.032,-0.032,-0.026,71.2,87.5,15.2,16.5,4.1,2.5,33.1,77.03891787,93.21349736,67.6,28.6,33.6,49.3,3.3,326,2.5,1.17
63,taylor rogers,RP,2024,33,249,224,53,32,13,1,7,64,22,25.7,8.8,0.237,0.397,0.309,0.706,0.215,0.335,0.309,0.282,0.292,0.12,0.376,0.333,0.022,0.062,0.027,70.3,86.7,12.3,32.3,6.2,4.3,32.9,74.55486025,93.4377415,61.2,17.3,23.3,42.5,1.1,161,3.75,2.4
64,pierce johnson,RP,2024,33,236,209,48,33,8,1,6,67,25,28.4,10.6,0.23,0.364,0.318,0.682,0.224,0.368,0.302,0.302,0.313,0.145,0.373,0.373,0.006,-0.004,0.0,71.5,89.4,11.7,33.8,8.5,6.3,39.4,79.0014093,94.0271843,61.0,18.8,28.1,45.1,0.7,113,3.61,3.67
65,andrew chafin,RP,2024,34,246,211,52,42,5,0,5,70,31,28.5,12.6,0.246,0.341,0.341,0.682,0.222,0.347,0.301,0.296,0.323,0.124,0.372,0.363,0.024,-0.006,0.005,70.7,88.5,15.0,37.5,6.3,7.6,34.0,78.83767042,93.22795818,66.5,15.5,34.5,46.1,0.5,116,3.54,3.51
66,shelby miller,RP,2024,33,225,203,41,22,10,0,9,49,13,21.8,5.8,0.202,0.384,0.262,0.646,0.222,0.389,0.28,0.3,0.285,0.167,0.319,0.348,-0.02,-0.005,-0.02,70.3,91.1,16.8,31.0,7.6,5.7,41.1,82.00980848,94.57693247,69.0,17.6,24.3,49.3,0.0,92,4.48,4.53
67,ryne stanek,RP,2024,32,241,212,48,32,6,2,8,67,25,27.8,10.4,0.226,0.387,0.315,0.702,0.205,0.356,0.307,0.288,0.297,0.151,0.379,0.348,0.021,0.031,0.019,71.2,90.2,19.0,34.2,9.6,7.5,41.8,80.9713848,94.14618586,72.6,27.3,33.2,51.5,-0.6,78,4.14,4.88
68,scott barlow,RP,2024,31,241,204,44,27,11,0,6,68,31,28.2,12.9,0.216,0.358,0.328,0.686,0.231,0.363,0.306,0.315,0.341,0.131,0.362,0.378,-0.015,-0.005,-0.009,70.8,86.2,9.0,33.3,5.8,2.9,32.6,73.84679246,93.29885116,64.5,19.4,33.6,42.6,0.2,95,4.02,4.25
69,kenley jansen,RP,2024,36,218,194,38,25,9,0,4,62,20,28.4,9.2,0.196,0.304,0.271,0.575,0.208,0.352,0.253,0.28,0.285,0.144,0.308,0.352,-0.012,-0.048,-0.027,71.1,90.4,22.3,36.3,11.1,4.4,37.0,81.42870806,94.00721202,67.4,19.9,27.0,49.4,1.3,127,3.0,3.29
70,caleb ferguson,RP,2024,27,249,219,56,39,11,0,6,67,25,26.9,10.0,0.256,0.388,0.341,0.729,0.243,0.371,0.322,0.313,0.332,0.128,0.395,0.381,0.013,0.017,0.009,71.0,88.2,9.9,35.9,6.5,3.3,37.3,76.92021961,93.76948533,65.5,17.2,26.6,47.1,-0.5,88,3.74,4.64
71,gregory soto,RP,2024,29,244,206,56,40,10,2,4,65,27,26.6,11.1,0.272,0.398,0.374,0.772,0.236,0.372,0.34,0.322,0.348,0.136,0.414,0.384,0.036,0.026,0.018,70.6,88.6,6.2,34.7,7.6,4.9,43.8,77.25008,94.26132113,64.9,17.8,31.0,47.1,0.2,94,3.68,4.42
72,hunter harvey,RP,2024,29,219,197,51,26,19,1,5,55,16,25.1,7.3,0.259,0.442,0.33,0.772,0.279,0.454,0.333,0.347,0.349,0.175,0.413,0.434,-0.02,-0.012,-0.014,71.4,90.4,10.9,37.8,9.1,9.8,48.3,79.35715296,95.30497511,68.9,22.8,27.1,51.3,-0.1,94,3.52,4.44
73,caleb thielbar,RP,2024,37,216,188,50,35,9,0,6,53,24,24.5,11.1,0.266,0.41,0.344,0.754,0.238,0.393,0.327,0.315,0.324,0.154,0.395,0.376,0.028,0.017,0.012,70.2,88.3,16.2,34.5,10.1,5.0,33.8,77.09406812,93.81948861,68.7,21.0,24.7,48.4,-0.6,78,4.1,5.32
74,justin wilson,RP,2024,36,209,192,55,35,10,0,10,51,13,24.4,6.2,0.286,0.495,0.335,0.83,0.245,0.439,0.354,0.318,0.299,0.195,0.447,0.394,0.041,0.056,0.036,72.0,88.6,17.8,35.7,11.2,7.7,41.3,76.70977127,94.55856901,74.6,20.1,25.1,55.1,-0.2,79,4.73,5.59
75,pete fairbanks,RP,2024,30,185,166,36,28,4,0,4,44,17,23.8,9.2,0.217,0.313,0.288,0.601,0.255,0.394,0.265,0.312,0.323,0.139,0.308,0.377,-0.038,-0.081,-0.047,71.1,89.1,15.3,31.5,5.6,4.8,41.1,78.05730607,94.44969844,63.3,15.0,21.8,44.8,0.8,112,3.5,3.57
